{
    "BS": {
        "Total Assets": {
            "Level": {
                "mean": 14975.064999999999,
                "std": 9163.154326418558,
                "min": 5406.0,
                "max": 36487.6,
                "median": 11902.95,
                "mode": 5406.0
            },
            "Growth": {
                "mean": -3.877261574113936,
                "std": 19.227578467693384,
                "min": -25.821235489448124,
                "max": 49.99611086623972,
                "median": -9.741402868782135,
                "mode": -25.821235489448124
            }
        },
        "Total Liabilities": {
            "Level": {
                "mean": 6129.67,
                "std": 2399.1662898642626,
                "min": 2782.5,
                "max": 10877.4,
                "median": 5190.45,
                "mode": 2782.5
            }
        },
        "Total Shareholders' Equity": {
            "Level": {
                "mean": 8703.264999999998,
                "std": 6824.62178657273,
                "min": 2259.6,
                "max": 25312.8,
                "median": 6173.6,
                "mode": 2259.6
            },
            "Growth": {
                "mean": -5.195864548456906,
                "std": 27.766849459298093,
                "min": -27.04546087247014,
                "max": 97.11745404509047,
                "median": -13.223408170776585,
                "mode": -27.04546087247014
            }
        }
    },
    "IS": {
        "Sales": {
            "Level": {
                "mean": 15738.48561752211,
                "std": 10941.7246622452,
                "min": 3636.8,
                "max": 36801.4,
                "median": 12421.934247779725,
                "mode": 3636.8
            },
            "Growth": {
                "mean": -2.107251934661433,
                "std": 29.037029859508696,
                "min": -30.43950601504961,
                "max": 81.706583552056,
                "median": -10.708529129074456,
                "mode": -30.43950601504961
            }
        },
        "Net Income": {
            "Level": {
                "mean": 0.19047619047619047,
                "std": 0.6252237694655904,
                "min": 0.0,
                "max": 2.8,
                "median": 0.0,
                "mode": 0.0
            },
            "Growth": {
                "mean": Infinity,
                "std": NaN,
                "min": -100.0,
                "max": Infinity,
                "median": 215.7142857142857,
                "mode": -100.0
            }
        },
        "EPS (basic)": {
            "Level": {
                "mean": 4.575799999999999,
                "std": 6.32399297398408,
                "min": -8.34,
                "max": 16.6548,
                "median": 3.01,
                "mode": -8.34
            },
            "Growth": {
                "mean": -10.144139812297983,
                "std": 147.43319670181197,
                "min": -323.37662337662334,
                "max": 384.8837209302325,
                "median": -14.03748949148596,
                "mode": -323.37662337662334
            }
        },
        "EPS (diluted)": {
            "Level": {
                "mean": 4.508290476190477,
                "std": 6.288638838644239,
                "min": -8.34,
                "max": 16.5093,
                "median": 2.77,
                "mode": -8.34
            },
            "Growth": {
                "mean": -10.422551300967402,
                "std": 147.21591947102652,
                "min": -323.37662337662334,
                "max": 384.8837209302325,
                "median": -13.935260372280233,
                "mode": -323.37662337662334
            }
        }
    },
    "CFS": {
        "NI": {
            "Level": {
                "mean": 1600.4190476190477,
                "std": 2150.504430969406,
                "min": -2633.6,
                "max": 5895.6,
                "median": 1038.4,
                "mode": -2633.6
            }
        },
        "D&A": {
            "Level": {
                "mean": 56.161904761904765,
                "std": 24.473832478597956,
                "min": 17.2,
                "max": 91.6,
                "median": 56.5,
                "mode": 17.2
            }
        },
        "Change in WC": {
            "Level": {
                "mean": -1227.9523809523807,
                "std": 1645.2902402369764,
                "min": -5619.8,
                "max": 1222.8,
                "median": -902.8,
                "mode": -5619.8
            }
        },
        "Cap Exp": {
            "Level": {
                "mean": -106.6952380952381,
                "std": 82.55327053600284,
                "min": -286.8,
                "max": -6.2,
                "median": -86.1,
                "mode": -286.8
            }
        },
        "Free Cash Flow": {
            "Level": {
                "mean": 669.3190476190476,
                "std": 1313.5258991047904,
                "min": -1289.1,
                "max": 4155.5,
                "median": 531.9,
                "mode": -1289.1
            }
        }
    },
    "Ratio Analysis": {
        "Gross Margin": {
            "Level": {
                "mean": 19.0577512,
                "std": 12.181673526565584,
                "min": -24.611426,
                "max": 31.374253,
                "median": 21.947255,
                "mode": -24.611426
            }
        },
        "Return on Equity": {
            "Level": {
                "mean": 11.49172415,
                "std": 22.166547057333926,
                "min": -62.546905,
                "max": 34.171655,
                "median": 15.65792,
                "mode": -62.546905
            }
        },
        "Return on Invested Capital": {
            "Level": {
                "mean": 9.047285800000001,
                "std": 13.83469273279479,
                "min": -34.887433,
                "max": 26.471944,
                "median": 11.419636,
                "mode": -34.887433
            }
        },
        "Debt to Equity Ratio": {
            "Level": {
                "mean": 64.3884353,
                "std": 34.52987000342428,
                "min": 22.658419,
                "max": 145.038945,
                "median": 64.85517,
                "mode": 22.658419
            }
        },
        "Current Ratio": {
            "Level": {
                "mean": 6.138166050000001,
                "std": 2.0921906792007188,
                "min": 2.914518,
                "max": 10.527066,
                "median": 6.019551999999999,
                "mode": 2.914518
            }
        },
        "Quick Ratio": {
            "Level": {
                "mean": 1.22143925,
                "std": 0.9112768163389949,
                "min": 0.126286,
                "max": 3.387881,
                "median": 0.896485,
                "mode": 0.126286
            }
        },
        "Dividend per share": {
            "Level": {
                "mean": 0.46212505000000004,
                "std": 0.32482206693989035,
                "min": 0.0375,
                "max": 1.2,
                "median": 0.42000000000000004,
                "mode": 0.15
            },
            "Growth": {
                "mean": 11.35372769043822,
                "std": 88.19546470894258,
                "min": -72.72727272727273,
                "max": 300.0,
                "median": -14.28571428571428,
                "mode": 0.0
            }
        },
        "Payout Ratio": {
            "Level": {
                "mean": 11.3300898,